BRING-UP.md	9483
LICENSE	11346
MODEL-CARD.md	4588
NOTICE	527
README.ja.md	5154
README.ko.md	4700
README.md	3972
README.zh.md	4077
SERVING-NOTES-2026-09-20.ja.md	15808
SERVING-NOTES-2026-09-20.ko.md	15778
SERVING-NOTES-2026-09-20.zh.md	14089
bench-cell.py	3899
chat_template.jinja	18683
gemma4-v2-balanced-mtp8.env	200
gemma4-v2-balanced.env	200
gemma4-v2-prefill-first.env	299
gemma4-v2-serve.sh	8083
gemma4-v2.env	902
gemma4.small.env	856
tools/router-v2.tsv	134
tools/router.py	12195
untie-lmhead-fp8.py	10334
